-- Chú ý: Cấu trúc SQL đã được điều chỉnh để khớp với các Entity Classes (Java JPA models) của bạn.
-- Ví dụ: Lessons.QuizId và Courses.InstructorId giờ là UUID liên kết.

--- Tái tạo Dữ liệu Bảng USERS
INSERT INTO "users" ("id", "code", "name", "email", "password", "role", "is_active", "created_by", "updated_by", "created_at", "updated_at")
VALUES
    ('11111111-1111-1111-1111-111111111111', 'ADMIN', 'Super Admin', 'admin@gmail.com', '$2a$10$BU17jRqq7rCO76ONDTuNR.fyO.9K085iCWOzmIiRK8dyqoIl4UusG', 'ADMIN', TRUE, NULL, NULL, CURRENT_TIMESTAMP, CURRENT_TIMESTAMP),
    ('22222222-2222-2222-2222-222222222222', 'TC0001', 'Teacher John', 'instructor@gmail.com', '$2a$10$BU17jRqq7rCO76ONDTuNR.fyO.9K085iCWOzmIiRK8dyqoIl4UusG', 'INSTRUCTOR', TRUE, '11111111-1111-1111-1111-111111111111', '11111111-1111-1111-1111-111111111111', CURRENT_TIMESTAMP, CURRENT_TIMESTAMP),
    ('33333333-3333-3333-3333-333333333333', 'TC0002', 'Teacher Alaba', 'teacher@gmail.com', '$2a$10$BU17jRqq7rCO76ONDTuNR.fyO.9K085iCWOzmIiRK8dyqoIl4UusG', 'INSTRUCTOR', TRUE, '11111111-1111-1111-1111-111111111111', '11111111-1111-1111-1111-111111111111', CURRENT_TIMESTAMP, CURRENT_TIMESTAMP),
    ('00000000-0000-0000-0000-000000000001', 'SV0001', 'Ruud Gullit', 'gullit@gmail.com', '$2a$10$BU17jRqq7rCO76ONDTuNR.fyO.9K085iCWOzmIiRK8dyqoIl4UusG', 'STUDENT', TRUE, '11111111-1111-1111-1111-111111111111', '11111111-1111-1111-1111-111111111111', CURRENT_TIMESTAMP, CURRENT_TIMESTAMP),
    ('00000000-0000-0000-0000-000000000002', 'SV0002', 'Frank Lampard', 'lampart@gmail.com', '$2a$10$BU17jRqq7rCO76ONDTuNR.fyO.9K085iCWOzmIiRK8dyqoIl4UusG', 'STUDENT', TRUE, '11111111-1111-1111-1111-111111111111', '11111111-1111-1111-1111-111111111111', CURRENT_TIMESTAMP, CURRENT_TIMESTAMP),
    ('00000000-0000-0000-0000-000000000003', 'SV0003', 'Cristiano Ronaldo', 'ronaldo@gmail.com', '$2a$10$BU17jRqq7rCO76ONDTuNR.fyO.9K085iCWOzmIiRK8dyqoIl4UusG', 'STUDENT', TRUE, '11111111-1111-1111-1111-111111111111', '11111111-1111-1111-1111-111111111111', CURRENT_TIMESTAMP, CURRENT_TIMESTAMP),
    ('00000000-0000-0000-0000-000000000004', 'SV0004', 'Leo Messi', 'messi@gmail.com', '$2a$10$BU17jRqq7rCO76ONDTuNR.fyO.9K085iCWOzmIiRK8dyqoIl4UusG', 'STUDENT', TRUE, '11111111-1111-1111-1111-111111111111', '11111111-1111-1111-1111-111111111111', CURRENT_TIMESTAMP, CURRENT_TIMESTAMP),
    ('00000000-0000-0000-0000-000000000005', 'SV0005', 'Sergio Ramos', 'ramos@gmail.com', '$2a$10$BU17jRqq7rCO76ONDTuNR.fyO.9K085iCWOzmIiRK8dyqoIl4UusG', 'STUDENT', TRUE, '11111111-1111-1111-1111-111111111111', '11111111-1111-1111-1111-111111111111', CURRENT_TIMESTAMP, CURRENT_TIMESTAMP),
    ('00000000-0000-0000-0000-000000000006', 'SV0006', 'Paolo Maldini', 'maldini@gmail.com', '$2a$10$BU17jRqq7rCO76ONDTuNR.fyO.9K085iCWOzmIiRK8dyqoIl4UusG', 'STUDENT', TRUE, '11111111-1111-1111-1111-111111111111', '11111111-1111-1111-1111-111111111111', CURRENT_TIMESTAMP, CURRENT_TIMESTAMP),
    ('00000000-0000-0000-0000-000000000007', 'SV0007', 'Neymar JR', 'neymar@gmail.com', '$2a$10$BU17jRqq7rCO76ONDTuNR.fyO.9K085iCWOzmIiRK8dyqoIl4UusG', 'STUDENT', TRUE, '11111111-1111-1111-1111-111111111111', '11111111-1111-1111-1111-111111111111', CURRENT_TIMESTAMP, CURRENT_TIMESTAMP),
    ('00000000-0000-0000-0000-000000000008', 'SV0008', 'Luka Modric', 'modric@gmail.com', '$2a$10$BU17jRqq7rCO76ONDTuNR.fyO.9K085iCWOzmIiRK8dyqoIl4UusG', 'STUDENT', TRUE, '11111111-1111-1111-1111-111111111111', '11111111-1111-1111-1111-111111111111', CURRENT_TIMESTAMP, CURRENT_TIMESTAMP),
    ('00000000-0000-0000-0000-000000000009', 'SV0009', 'Luis Figo', 'figo@gmail.com', '$2a$10$BU17jRqq7rCO76ONDTuNR.fyO.9K085iCWOzmIiRK8dyqoIl4UusG', 'STUDENT', TRUE, '11111111-1111-1111-1111-111111111111', '11111111-1111-1111-1111-111111111111', CURRENT_TIMESTAMP, CURRENT_TIMESTAMP),
    ('00000000-0000-0000-0000-000000000010', 'SV0010', 'David Beckham', 'beckham@gmail.com', '$2a$10$BU17jRqq7rCO76ONDTuNR.fyO.9K085iCWOzmIiRK8dyqoIl4UusG', 'STUDENT', TRUE, '11111111-1111-1111-1111-111111111111', '11111111-1111-1111-1111-111111111111', CURRENT_TIMESTAMP, CURRENT_TIMESTAMP);


--- Tái tạo Dữ liệu Bảng COURSES
INSERT INTO "courses" ("id", "title", "description", "is_active", "instructor_id", "created_at", "updated_at")
VALUES
    ('10000000-0000-0000-0000-000000000001', 'Spring Boot Basics', 'Basic course on Spring Boot and RESTful API.', TRUE, '22222222-2222-2222-2222-222222222222', CURRENT_TIMESTAMP, CURRENT_TIMESTAMP),
    ('10000000-0000-0000-0000-000000000002', 'Advanced JPA/Hibernate', 'Advanced JPA and Hibernate optimization techniques.', FALSE, '22222222-2222-2222-2222-222222222222', CURRENT_TIMESTAMP, CURRENT_TIMESTAMP),
    ('10000000-0000-0000-0000-000000000003', 'Spring Security Masterclass', 'Securing Spring applications with OAuth2 and JWT.', TRUE, '33333333-3333-3333-3333-333333333333', CURRENT_TIMESTAMP, CURRENT_TIMESTAMP),
    ('10000000-0000-0000-0000-000000000004', 'Microservices with Spring Cloud', 'Building Microservices architecture.', TRUE, '22222222-2222-2222-2222-222222222222', CURRENT_TIMESTAMP, CURRENT_TIMESTAMP),
    ('10000000-0000-0000-0000-000000000005', 'Unit Testing in Java', 'JUnit 5 and Mockito for unit testing.', TRUE, '33333333-3333-3333-3333-333333333333', CURRENT_TIMESTAMP, CURRENT_TIMESTAMP),
    ('10000000-0000-0000-0000-000000000006', 'React Front-End Development', 'Basic React course (Fullstack support).', TRUE, '33333333-3333-3333-3333-333333333333', CURRENT_TIMESTAMP, CURRENT_TIMESTAMP),
    ('10000000-0000-0000-0000-000000000007', 'Database Design for Developers', 'Effective relational database design.', FALSE, '22222222-2222-2222-2222-222222222222', CURRENT_TIMESTAMP, CURRENT_TIMESTAMP),
    ('10000000-0000-0000-0000-000000000008', 'Docker and Kubernetes', 'Application deployment with Containers.', TRUE, '22222222-2222-2222-2222-222222222222', CURRENT_TIMESTAMP, CURRENT_TIMESTAMP),
    ('10000000-0000-0000-0000-000000000009', 'Git and GitHub Workflow', 'Professional source code management.', TRUE, '33333333-3333-3333-3333-333333333333', CURRENT_TIMESTAMP, CURRENT_TIMESTAMP),
    ('10000000-0000-0000-0000-000000000010', 'Clean Code Principles', 'Principles for writing clean and maintainable code.', TRUE, '22222222-2222-2222-2222-222222222222', CURRENT_TIMESTAMP, CURRENT_TIMESTAMP);


--- Tái tạo Dữ liệu Bảng QUIZZES (Cần chèn trước Lessons vì Lessons phụ thuộc vào nó)
INSERT INTO "quizzes" ("id", "title", "created_at", "updated_at")
VALUES
    ('92000000-0000-0000-0000-000000000001', 'Quiz: Spring Boot - Module 1 Assessment', CURRENT_TIMESTAMP, CURRENT_TIMESTAMP),
    ('92000000-0000-0000-0000-000000000002', 'Quiz: JPA Basic Queries', CURRENT_TIMESTAMP, CURRENT_TIMESTAMP),
    ('92000000-0000-0000-0000-000000000003', 'Quiz: OAuth2 Fundamentals', CURRENT_TIMESTAMP, CURRENT_TIMESTAMP),
    ('92000000-0000-0000-0000-000000000004', 'Quiz: Service Discovery Concepts', CURRENT_TIMESTAMP, CURRENT_TIMESTAMP),
    ('92000000-0000-0000-0000-000000000005', 'Quiz: JUnit 5 Annotations', CURRENT_TIMESTAMP, CURRENT_TIMESTAMP),
    ('92000000-0000-0000-0000-000000000006', 'Quiz: React Component Lifecycle', CURRENT_TIMESTAMP, CURRENT_TIMESTAMP),
    ('92000000-0000-0000-0000-000000000007', 'Quiz: Dockerfile Commands', CURRENT_TIMESTAMP, CURRENT_TIMESTAMP),
    ('92000000-0000-0000-0000-000000000008', 'Quiz: Git Branching Strategies', CURRENT_TIMESTAMP, CURRENT_TIMESTAMP),
    ('92000000-0000-0000-0000-000000000009', 'Quiz: SOLID Principles', CURRENT_TIMESTAMP, CURRENT_TIMESTAMP),
    ('92000000-0000-0000-0000-000000000010', 'Quiz: Course Pre-Assessment', CURRENT_TIMESTAMP, CURRENT_TIMESTAMP);


--- Tái tạo Dữ liệu Bảng LESSONS (Đã thêm cột QuizId)
INSERT INTO "lessons" ("id", "course_id", "title", "url", "is_active", "lesson_type", "order_index", "created_by", "updated_by", "quiz_id", "created_at", "updated_at")
VALUES
    ('20000000-0000-0000-0000-000000000001', '10000000-0000-0000-0000-000000000001', '1. Course Introduction', 'https://video.com/intro', TRUE, 'VIDEO', 1, '22222222-2222-2222-2222-222222222222', '22222222-2222-2222-2222-222222222222', '92000000-0000-0000-0000-000000000010', CURRENT_TIMESTAMP, CURRENT_TIMESTAMP), -- Có Quiz 10
    ('20000000-0000-0000-0000-000000000002', '10000000-0000-0000-0000-000000000001', '2. Environment Setup', 'https://video.com/setup', TRUE, 'VIDEO', 2, '22222222-2222-2222-2222-222222222222', '22222222-2222-2222-2222-222222222222', NULL, CURRENT_TIMESTAMP, CURRENT_TIMESTAMP),
    ('20000000-0000-0000-0000-000000000003', '10000000-0000-0000-0000-000000000001', '3. REST API Theory', 'https://docs.com/rest', TRUE, 'DOCUMENT', 3, '22222222-2222-2222-2222-222222222222', '22222222-2222-2222-2222-222222222222', NULL, CURRENT_TIMESTAMP, CURRENT_TIMESTAMP),
    ('20000000-0000-0000-0000-000000000004', '10000000-0000-0000-0000-000000000001', '4. Building the First Controller', 'https://video.com/controller', TRUE, 'VIDEO', 4, '22222222-2222-2222-2222-222222222222', '22222222-2222-2222-2222-222222222222', NULL, CURRENT_TIMESTAMP, CURRENT_TIMESTAMP),
    ('20000000-0000-0000-0000-000000000005', '10000000-0000-0000-0000-000000000001', '5. Quiz Module 1', 'https://quiz.com/m1', TRUE, 'QUIZ', 5, '22222222-2222-2222-2222-222222222222', '22222222-2222-2222-2222-222222222222', '92000000-0000-0000-0000-000000000001', CURRENT_TIMESTAMP, CURRENT_TIMESTAMP), -- Có Quiz 1
    ('20000000-0000-0000-0000-000000000006', '10000000-0000-0000-0000-000000000001', '6. Working with PostgreSQL', 'https://video.com/postgres', TRUE, 'VIDEO', 6, '22222222-2222-2222-2222-222222222222', '22222222-2222-2222-2222-222222222222', NULL, CURRENT_TIMESTAMP, CURRENT_TIMESTAMP),
    ('20000000-0000-0000-0000-000000000007', '10000000-0000-0000-0000-000000000001', '7. Using Spring Data JPA', 'https://docs.com/jpa', TRUE, 'DOCUMENT', 7, '22222222-2222-2222-2222-222222222222', '22222222-2222-2222-2222-222222222222', '92000000-0000-0000-0000-000000000002', CURRENT_TIMESTAMP, CURRENT_TIMESTAMP), -- Có Quiz 2
    ('20000000-0000-0000-0000-000000000008', '10000000-0000-0000-0000-000000000001', '8. Exception Handling', 'https://video.com/exception', TRUE, 'VIDEO', 8, '22222222-2222-2222-2222-222222222222', '22222222-2222-2222-2222-222222222222', NULL, CURRENT_TIMESTAMP, CURRENT_TIMESTAMP),
    ('20000000-0000-0000-0000-000000000009', '10000000-0000-0000-0000-000000000001', '9. Implementing the Service Layer', 'https://video.com/service', TRUE, 'VIDEO', 9, '22222222-2222-2222-2222-222222222222', '22222222-2222-2222-2222-222222222222', NULL, CURRENT_TIMESTAMP, CURRENT_TIMESTAMP),
    ('20000000-0000-0000-0000-000000000010', '10000000-0000-0000-0000-000000000001', '10. Module 2 Summary', 'https://docs.com/summary', TRUE, 'DOCUMENT', 10, '22222222-2222-2222-2222-222222222222', '22222222-2222-2222-2222-222222222222', NULL, CURRENT_TIMESTAMP, CURRENT_TIMESTAMP),
    -- Các Lessons cho các Quizzes khác
    ('20000000-0000-0000-0000-000000000011', '10000000-0000-0000-0000-000000000003', 'Security Intro & Quiz', 'https://video.com/security', TRUE, 'QUIZ', 1, '33333333-3333-3333-3333-333333333333', '33333333-3333-3333-3333-333333333333', '92000000-0000-0000-0000-000000000003', CURRENT_TIMESTAMP, CURRENT_TIMESTAMP),
    ('20000000-0000-0000-0000-000000000012', '10000000-0000-0000-0000-000000000004', 'Microservices Intro & Quiz', 'https://video.com/microservices', TRUE, 'QUIZ', 1, '22222222-2222-2222-2222-222222222222', '22222222-2222-2222-2222-222222222222', '92000000-0000-0000-0000-000000000004', CURRENT_TIMESTAMP, CURRENT_TIMESTAMP),
    ('20000000-0000-0000-0000-000000000013', '10000000-0000-0000-0000-000000000005', 'Testing Intro & Quiz', 'https://video.com/testing', TRUE, 'QUIZ', 1, '33333333-3333-3333-3333-333333333333', '33333333-3333-3333-3333-333333333333', '92000000-0000-0000-0000-000000000005', CURRENT_TIMESTAMP, CURRENT_TIMESTAMP),
    ('20000000-0000-0000-0000-000000000014', '10000000-0000-0000-0000-000000000006', 'React Intro & Quiz', 'https://video.com/react', TRUE, 'QUIZ', 1, '33333333-3333-3333-3333-333333333333', '33333333-3333-3333-3333-333333333333', '92000000-0000-0000-0000-000000000006', CURRENT_TIMESTAMP, CURRENT_TIMESTAMP),
    ('20000000-0000-0000-0000-000000000015', '10000000-0000-0000-0000-000000000008', 'Docker Intro & Quiz', 'https://video.com/docker', TRUE, 'QUIZ', 1, '22222222-2222-2222-2222-222222222222', '22222222-2222-2222-2222-222222222222', '92000000-0000-0000-0000-000000000007', CURRENT_TIMESTAMP, CURRENT_TIMESTAMP),
    ('20000000-0000-0000-0000-000000000016', '10000000-0000-0000-0000-000000000009', 'Git Intro & Quiz', 'https://video.com/git', TRUE, 'QUIZ', 1, '33333333-3333-3333-3333-333333333333', '33333333-3333-3333-3333-333333333333', '92000000-0000-0000-0000-000000000008', CURRENT_TIMESTAMP, CURRENT_TIMESTAMP),
    ('20000000-0000-0000-0000-000000000017', '10000000-0000-0000-0000-000000000010', 'Clean Code Intro & Quiz', 'https://video.com/clean-code', TRUE, 'QUIZ', 1, '22222222-2222-2222-2222-222222222222', '22222222-2222-2222-2222-222222222222', '92000000-0000-0000-0000-000000000009', CURRENT_TIMESTAMP, CURRENT_TIMESTAMP);


--- Tái tạo Dữ liệu Bảng ENROLLMENT
INSERT INTO "enrollment" ("id", "student_id", "course_id", "is_active", "enrolled_at")
VALUES
    ('30000000-0000-0000-0000-000000000001', '00000000-0000-0000-0000-000000000004', '10000000-0000-0000-0000-000000000001', true, CURRENT_TIMESTAMP), -- Messi - Spring Boot
    ('30000000-0000-0000-0000-000000000002', '00000000-0000-0000-0000-000000000005', '10000000-0000-0000-0000-000000000002', true, CURRENT_TIMESTAMP), -- Ramos - Advanced JPA
    ('30000000-0000-0000-0000-000000000003', '00000000-0000-0000-0000-000000000006', '10000000-0000-0000-0000-000000000003', true, CURRENT_TIMESTAMP), -- Maldini - Spring Security
    ('30000000-0000-0000-0000-000000000004', '00000000-0000-0000-0000-000000000007', '10000000-0000-0000-0000-000000000004', true, CURRENT_TIMESTAMP), -- Neymar - Microservices
    ('30000000-0000-0000-0000-000000000005', '00000000-0000-0000-0000-000000000008', '10000000-0000-0000-0000-000000000001', true, CURRENT_TIMESTAMP), -- Modric - Spring Boot
    ('30000000-0000-0000-0000-000000000006', '00000000-0000-0000-0000-000000000009', '10000000-0000-0000-0000-000000000001', true, CURRENT_TIMESTAMP), -- Figo - Spring Boot
    ('30000000-0000-0000-0000-000000000007', '00000000-0000-0000-0000-000000000010', '10000000-0000-0000-0000-000000000007', true, CURRENT_TIMESTAMP), -- Beckham - Database Design
    ('30000000-0000-0000-0000-000000000008', '00000000-0000-0000-0000-000000000004', '10000000-0000-0000-0000-000000000008', true, CURRENT_TIMESTAMP), -- Messi - Docker/K8s
    ('30000000-0000-0000-0000-000000000009', '00000000-0000-0000-0000-000000000005', '10000000-0000-0000-0000-000000000009', true, CURRENT_TIMESTAMP), -- Ramos - Git
    ('30000000-0000-0000-0000-000000000010', '00000000-0000-0000-0000-000000000006', '10000000-0000-0000-0000-000000000010', true, CURRENT_TIMESTAMP); -- Maldini - Clean Code


--- Tái tạo Dữ liệu Bảng PROGRESS
INSERT INTO "progress" ("id", "enrollment_id", "lesson_id", "progress_percentage", "updated_at")
VALUES
    -- Leo Messi - Spring Boot Basics (Enrollment 3000...0001)
    ('40000000-0000-0000-0000-000000000001', '30000000-0000-0000-0000-000000000001', '20000000-0000-0000-0000-000000000001', 100.0, CURRENT_TIMESTAMP), -- Lesson 1: Course Introduction
    ('40000000-0000-0000-0000-000000000002', '30000000-0000-0000-0000-000000000001', '20000000-0000-0000-0000-000000000002', 100.0, CURRENT_TIMESTAMP), -- Lesson 2: Environment Setup
    ('40000000-0000-0000-0000-000000000003', '30000000-0000-0000-0000-000000000001', '20000000-0000-0000-0000-000000000003', 100.0, CURRENT_TIMESTAMP), -- Lesson 3: REST API Theory
    ('40000000-0000-0000-0000-000000000004', '30000000-0000-0000-0000-000000000001', '20000000-0000-0000-0000-000000000004', 50.0, CURRENT_TIMESTAMP), -- Lesson 4: Building the First Controller
    ('40000000-0000-0000-0000-000000000005', '30000000-0000-0000-0000-000000000001', '20000000-0000-0000-0000-000000000005', 90.0, CURRENT_TIMESTAMP), -- Lesson 5: Quiz Module 1 (Progress là 90% dựa trên attempt)

    -- Luka Modric - Spring Boot Basics (Enrollment 3000...0005)
    ('40000000-0000-0000-0000-000000000006', '30000000-0000-0000-0000-000000000005', '20000000-0000-0000-0000-000000000001', 100.0, CURRENT_TIMESTAMP),
    ('40000000-0000-0000-0000-000000000007', '30000000-0000-0000-0000-000000000005', '20000000-0000-0000-0000-000000000002', 100.0, CURRENT_TIMESTAMP),
    ('40000000-0000-0000-0000-000000000008', '30000000-0000-0000-0000-000000000005', '20000000-0000-0000-0000-000000000003', 0.0, CURRENT_TIMESTAMP),

    -- Sergio Ramos - Git and GitHub Workflow (Enrollment 3000...0009)
    ('40000000-0000-0000-0000-000000000009', '30000000-0000-0000-0000-000000000009', '20000000-0000-0000-0000-000000000016', 75.0, CURRENT_TIMESTAMP),

    -- Paolo Maldini - Clean Code Principles (Enrollment 3000...0010)
    ('40000000-0000-0000-0000-000000000010', '30000000-0000-0000-0000-000000000010', '20000000-0000-0000-0000-000000000017', 100.0, CURRENT_TIMESTAMP);


--- Tái tạo Dữ liệu Bảng POSITIONS
INSERT INTO "positions" ("id", "name", "description", "created_at", "updated_at")
VALUES
    ('90000000-0000-0000-0000-000000000001', 'Java Developer', 'Specialist in Java application development.', CURRENT_TIMESTAMP, CURRENT_TIMESTAMP),
    ('90000000-0000-0000-0000-000000000002', 'Frontend Developer', 'Specialist in React/FE application development.', CURRENT_TIMESTAMP, CURRENT_TIMESTAMP),
    ('90000000-0000-0000-0000-000000000003', 'Database Administrator', 'Relational database management and optimization.', CURRENT_TIMESTAMP, CURRENT_TIMESTAMP),
    ('90000000-0000-0000-0000-000000000004', 'DevOps Engineer', 'CI/CD, Docker, and Kubernetes specialist.', CURRENT_TIMESTAMP, CURRENT_TIMESTAMP),
    ('90000000-0000-0000-0000-000000000005', 'Solution Architect', 'Designing complex software architecture solutions.', CURRENT_TIMESTAMP, CURRENT_TIMESTAMP),
    ('90000000-0000-0000-0000-000000000006', 'Tester/QA Engineer', 'Software testing and quality assurance.', CURRENT_TIMESTAMP, CURRENT_TIMESTAMP),
    ('90000000-0000-0000-0000-000000000007', 'Project Manager', 'Overseeing and managing software projects.', CURRENT_TIMESTAMP, CURRENT_TIMESTAMP),
    ('90000000-0000-0000-0000-000000000008', 'Data Scientist', 'Analyzing data and building predictive models.', CURRENT_TIMESTAMP, CURRENT_TIMESTAMP),
    ('90000000-0000-0000-0000-000000000009', 'Mobile Developer', 'Developing applications for mobile platforms.', CURRENT_TIMESTAMP, CURRENT_TIMESTAMP),
    ('90000000-0000-0000-0000-000000000010', 'UX/UI Designer', 'Designing user experience and interfaces.', CURRENT_TIMESTAMP, CURRENT_TIMESTAMP);


--- Tái tạo Dữ liệu Bảng USER_POSITIONS
INSERT INTO "user_positions" ("id", "position_id", "user_id")
VALUES
    ('91000000-0000-0000-0000-000000000001', '90000000-0000-0000-0000-000000000001', '00000000-0000-0000-0000-000000000001'), -- Gullit -> Java Developer
    ('91000000-0000-0000-0000-000000000002', '90000000-0000-0000-0000-000000000002', '00000000-0000-0000-0000-000000000004'), -- Messi -> Frontend Developer
    ('91000000-0000-0000-0000-000000000003', '90000000-0000-0000-0000-000000000003', '00000000-0000-0000-0000-000000000007'), -- Neymar -> DBA
    ('91000000-0000-0000-0000-000000000004', '90000000-0000-0000-0000-000000000004', '00000000-0000-0000-0000-000000000008'), -- Modric -> DevOps Engineer
    ('91000000-0000-0000-0000-000000000005', '90000000-0000-0000-0000-000000000001', '00000000-0000-0000-0000-000000000010'), -- Beckham -> Java Developer
    ('91000000-0000-0000-0000-000000000006', '90000000-0000-0000-0000-000000000001', '22222222-2222-2222-2222-222222222222'), -- Teacher John -> Java Developer
    ('91000000-0000-0000-0000-000000000007', '90000000-0000-0000-0000-000000000002', '33333333-3333-3333-3333-333333333333'), -- Teacher Alaba -> Frontend Developer
    ('91000000-0000-0000-0000-000000000008', '90000000-0000-0000-0000-000000000005', '11111111-1111-1111-1111-111111111111'), -- Super Admin -> Solution Architect
    ('91000000-0000-0000-0000-000000000009', '90000000-0000-0000-0000-000000000006', '00000000-0000-0000-0000-000000000005'), -- Ramos -> Tester/QA Engineer
    ('91000000-0000-0000-0000-000000000010', '90000000-0000-0000-0000-000000000003', '00000000-0000-0000-0000-000000000006'); -- Maldini -> DBA


--- Tái tạo Dữ liệu Bảng QUIZ_QUESTIONS (Đã thêm cột RawPoint)
INSERT INTO "quiz_questions" ("id", "quizzes_id", "question_text", "question_type", "order_index", "raw_point", "created_at", "updated_at")
VALUES
    ('93000000-0000-0000-0000-000000000001', '92000000-0000-0000-0000-000000000001', 'What does Spring Boot primarily help with in Spring application development?', 'SINGLE', 1, 10, CURRENT_TIMESTAMP, CURRENT_TIMESTAMP),
    ('93000000-0000-0000-0000-000000000002', '92000000-0000-0000-0000-000000000001', 'Which annotations are typically used in a Spring REST Controller?', 'MULTIPLE', 2, 20, CURRENT_TIMESTAMP, CURRENT_TIMESTAMP),
    ('93000000-0000-0000-0000-000000000003', '92000000-0000-0000-0000-000000000001', 'Name 3 main benefits of using Spring Boot.', 'TEXT', 3, 15, CURRENT_TIMESTAMP, CURRENT_TIMESTAMP),
    ('93000000-0000-0000-0000-000000000004', '92000000-0000-0000-0000-000000000001', 'What is the default port for a Spring Boot Tomcat application?', 'SINGLE', 4, 10, CURRENT_TIMESTAMP, CURRENT_TIMESTAMP),
    ('93000000-0000-0000-0000-000000000005', '92000000-0000-0000-0000-000000000001', 'What is the primary configuration file in Spring Boot?', 'SINGLE', 5, 10, CURRENT_TIMESTAMP, CURRENT_TIMESTAMP),
    ('93000000-0000-0000-0000-000000000006', '92000000-0000-0000-0000-000000000001', 'Select the main HTTP methods used in RESTful APIs.', 'MULTIPLE', 6, 15, CURRENT_TIMESTAMP, CURRENT_TIMESTAMP),
    ('93000000-0000-0000-0000-000000000007', '92000000-0000-0000-0000-000000000001', 'Briefly explain the role of @RestController.', 'TEXT', 7, 10, CURRENT_TIMESTAMP, CURRENT_TIMESTAMP),
    ('93000000-0000-0000-0000-000000000008', '92000000-0000-0000-0000-000000000001', 'What is Dependency Injection (DI)?', 'SINGLE', 8, 10, CURRENT_TIMESTAMP, CURRENT_TIMESTAMP),
    ('93000000-0000-0000-0000-000000000009', '92000000-0000-0000-0000-000000000001', 'List the primitive data types in Java.', 'TEXT', 9, 5, CURRENT_TIMESTAMP, CURRENT_TIMESTAMP),
    ('93000000-0000-0000-0000-000000000010', '92000000-0000-0000-0000-000000000001', 'Which annotation is used to define a Spring Bean programmatically in a configuration class?', 'SINGLE', 10, 10, CURRENT_TIMESTAMP, CURRENT_TIMESTAMP);


--- Tái tạo Dữ liệu Bảng QUIZ_OPTIONS (Đã đổi OptionText)
INSERT INTO "quiz_options" ("id", "quiz_questions_id", "option_text", "is_correct", "order_index", "created_at", "updated_at")
VALUES
    -- Question 1 Options (SINGLE)
    ('94000000-0000-0000-0000-000000000001', '93000000-0000-0000-0000-000000000001', 'Reduces boilerplate configuration and XML.', TRUE, 1, CURRENT_TIMESTAMP, CURRENT_TIMESTAMP),
    ('94000000-0000-0000-0000-000000000002', '93000000-0000-0000-0000-000000000001', 'Completely replaces the Spring Framework.', FALSE, 2, CURRENT_TIMESTAMP, CURRENT_TIMESTAMP),
    ('94000000-0000-0000-0000-000000000003', '93000000-0000-0000-0000-000000000001', 'Is only used for console applications.', FALSE, 3, CURRENT_TIMESTAMP, CURRENT_TIMESTAMP),

    -- Question 2 Options (MULTIPLE)
    ('94000000-0000-0000-0000-000000000004', '93000000-0000-0000-0000-000000000002', '@RestController', TRUE, 1, CURRENT_TIMESTAMP, CURRENT_TIMESTAMP),
    ('94000000-0000-0000-0000-000000000005', '93000000-0000-0000-0000-000000000002', '@Autowired', FALSE, 2, CURRENT_TIMESTAMP, CURRENT_TIMESTAMP),
    ('94000000-0000-0000-0000-000000000006', '93000000-0000-0000-0000-000000000002', '@RequestMapping', TRUE, 3, CURRENT_TIMESTAMP, CURRENT_TIMESTAMP),

    -- Question 4 Options (SINGLE)
    ('94000000-0000-0000-0000-000000000007', '93000000-0000-0000-0000-000000000004', '8080', TRUE, 1, CURRENT_TIMESTAMP, CURRENT_TIMESTAMP),
    ('94000000-0000-0000-0000-000000000008', '93000000-0000-0000-0000-000000000004', '8081', FALSE, 2, CURRENT_TIMESTAMP, CURRENT_TIMESTAMP),

    -- Question 5 Options (SINGLE)
    ('94000000-0000-0000-0000-000000000009', '93000000-0000-0000-0000-000000000005', 'application.properties or application.yml', TRUE, 1, CURRENT_TIMESTAMP, CURRENT_TIMESTAMP),
    ('94000000-0000-0000-0000-000000000010', '93000000-0000-0000-0000-000000000005', 'web.xml', FALSE, 2, CURRENT_TIMESTAMP, CURRENT_TIMESTAMP),

    -- Question 6 Options (MULTIPLE)
    ('94000000-0000-0000-0000-000000000011', '93000000-0000-0000-0000-000000000006', 'GET', TRUE, 1, CURRENT_TIMESTAMP, CURRENT_TIMESTAMP),
    ('94000000-0000-0000-0000-000000000012', '93000000-0000-0000-0000-000000000006', 'POST', TRUE, 2, CURRENT_TIMESTAMP, CURRENT_TIMESTAMP),
    ('94000000-0000-0000-0000-000000000013', '93000000-0000-0000-0000-000000000006', 'DELETE', TRUE, 3, CURRENT_TIMESTAMP, CURRENT_TIMESTAMP),
    ('94000000-0000-0000-0000-000000000014', '93000000-0000-0000-0000-000000000006', 'FETCH', FALSE, 4, CURRENT_TIMESTAMP, CURRENT_TIMESTAMP),

    -- Question 8 Options (SINGLE)
    ('94000000-0000-0000-0000-000000000015', '93000000-0000-0000-0000-000000000008', 'A mechanism where a Bean receives its dependencies through constructor, setter, or field injection.', TRUE, 1, CURRENT_TIMESTAMP, CURRENT_TIMESTAMP),
    ('94000000-0000-0000-0000-000000000016', '93000000-0000-0000-0000-000000000008', 'A design pattern to avoid object creation.', FALSE, 2, CURRENT_TIMESTAMP, CURRENT_TIMESTAMP),

    -- Question 10 Options (SINGLE)
    ('94000000-0000-0000-0000-000000000017', '93000000-0000-0000-0000-000000000010', '@Bean', TRUE, 1, CURRENT_TIMESTAMP, CURRENT_TIMESTAMP),
    ('94000000-0000-0000-0000-000000000018', '93000000-0000-0000-0000-000000000010', '@Component', FALSE, 2, CURRENT_TIMESTAMP, CURRENT_TIMESTAMP);


--- Tái tạo Dữ liệu Bảng QUIZ_ATTEMPTS
INSERT INTO "quiz_attempts" ("id", "enrollment_id", "quiz_id", "attempt_no", "feed_back", "created_at")
VALUES
    -- Leo Messi attempts Quiz: Spring Boot - Module 1 Assessment (Enrollment 3000...0001)
    ('95000000-0000-0000-0000-000000000001', '30000000-0000-0000-0000-000000000001', '92000000-0000-0000-0000-000000000001', 1, 'Fair result, review concepts on Dependency Injection.', CURRENT_TIMESTAMP),
    ('95000000-0000-0000-0000-000000000002', '30000000-0000-0000-0000-000000000001', '92000000-0000-0000-0000-000000000001', 2, 'Excellent! Module 1 concepts are well understood.', CURRENT_TIMESTAMP),

    -- Luka Modric attempts Quiz: Spring Boot - Module 1 Assessment (Enrollment 3000...0005)
    ('95000000-0000-0000-0000-000000000003', '30000000-0000-0000-0000-000000000005', '92000000-0000-0000-0000-000000000001', 1, 'Needs more review on basic Spring Annotations.', CURRENT_TIMESTAMP),

    -- Luis Figo attempts Quiz: Spring Boot - Module 1 Assessment (Enrollment 3000...0006)
    ('95000000-0000-0000-0000-000000000004', '30000000-0000-0000-0000-000000000006', '92000000-0000-0000-0000-000000000001', 1, 'Good score.', CURRENT_TIMESTAMP),

    -- Paolo Maldini attempts Clean Code Principles Quiz (Enrollment 3000...0010)
    ('95000000-0000-0000-0000-000000000005', '30000000-0000-0000-0000-000000000010', '92000000-0000-0000-0000-000000000009', 1, 'Strong understanding of Clean Code principles.', CURRENT_TIMESTAMP),

    -- Other attempts
    ('95000000-0000-0000-0000-000000000006', '30000000-0000-0000-0000-000000000001', '92000000-0000-0000-0000-000000000010', 1, 'Pre-Assessment completed!', CURRENT_TIMESTAMP),
    ('95000000-0000-0000-0000-000000000007', '30000000-0000-0000-0000-000000000004', '92000000-0000-0000-0000-000000000004', 1, 'Focus on Service Discovery.', CURRENT_TIMESTAMP),
    ('95000000-0000-0000-0000-000000000008', '30000000-0000-0000-0000-000000000009', '92000000-0000-0000-0000-000000000008', 1, 'Good.', CURRENT_TIMESTAMP),
    ('95000000-0000-0000-0000-000000000009', '30000000-0000-0000-0000-000000000003', '92000000-0000-0000-0000-000000000003', 1, 'Review JWT concepts.', CURRENT_TIMESTAMP),
    ('95000000-0000-0000-0000-000000000010', '30000000-0000-0000-0000-000000000008', '92000000-0000-0000-0000-000000000007', 1, 'Very good on Docker.', CURRENT_TIMESTAMP);


--- Tái tạo Dữ liệu Bảng QUIZ_ANSWERS (Đã thêm cột Score)
INSERT INTO "quiz_answers" ("id", "attempt_id", "question_id", "option_id", "raw_text", "score", "created_at")
VALUES
    -- Attempt 1 by Leo Messi (ID: 95000000-0000-0000-0000-000000000001) - Tương đương 75%
    ('96000000-0000-0000-0000-000000000001', '95000000-0000-0000-0000-000000000001', '93000000-0000-0000-0000-000000000001', '94000000-0000-0000-0000-000000000001', NULL, 10.0, CURRENT_TIMESTAMP), -- Q1 (Correct) - 10/10
    ('96000000-0000-0000-0000-000000000002', '95000000-0000-0000-0000-000000000001', '93000000-0000-0000-0000-000000000002', '94000000-0000-0000-0000-000000000004', NULL, 10.0, CURRENT_TIMESTAMP), -- Q2 (Correct 1/2) - 10/20 (Giả sử 2 đáp án, mỗi đáp án 10 điểm)
    ('96000000-0000-0000-0000-000000000003', '95000000-0000-0000-0000-000000000001', '93000000-0000-0000-0000-000000000002', '94000000-0000-0000-0000-000000000006', NULL, 10.0, CURRENT_TIMESTAMP), -- Q2 (Correct 2/2) - 10/20
    ('96000000-0000-0000-0000-000000000004', '95000000-0000-0000-0000-000000000001', '93000000-0000-0000-0000-000000000003', NULL, 'Auto-configuration, Embedded servers, Starter dependencies.', 15.0, CURRENT_TIMESTAMP), -- Q3 (Text Answer - Auto Graded 100%) - 15/15
    ('96000000-0000-0000-0000-000000000005', '95000000-0000-0000-0000-000000000001', '93000000-0000-0000-0000-000000000004', '94000000-0000-0000-0000-000000000008', NULL, 0.0, CURRENT_TIMESTAMP), -- Q4 (Incorrect: 8081) - 0/10
    ('96000000-0000-0000-0000-000000000006', '95000000-0000-0000-0000-000000000001', '93000000-0000-0000-0000-000000000005', '94000000-0000-0000-0000-000000000010', NULL, 0.0, CURRENT_TIMESTAMP), -- Q5 (Incorrect: web.xml) - 0/10
    ('96000000-0000-0000-0000-000000000007', '95000000-0000-0000-0000-000000000001', '93000000-0000-0000-0000-000000000006', '94000000-0000-0000-0000-000000000011', NULL, 5.0, CURRENT_TIMESTAMP), -- Q6 (Correct 1/3) - 5/15
    ('96000000-0000-0000-0000-000000000008', '95000000-0000-0000-0000-000000000001', '93000000-0000-0000-0000-000000000006', '94000000-0000-0000-0000-000000000012', NULL, 5.0, CURRENT_TIMESTAMP), -- Q6 (Correct 2/3) - 5/15
    ('96000000-0000-0000-0000-000000000009', '95000000-0000-0000-0000-000000000001', '93000000-0000-0000-0000-000000000007', NULL, 'It is a convenience annotation that combines @Controller and @ResponseBody.', 10.0, CURRENT_TIMESTAMP), -- Q7 (Text Answer - Auto Graded 100%) - 10/10
    ('96000000-0000-0000-0000-000000000010', '95000000-0000-0000-0000-000000000001', '93000000-0000-0000-0000-000000000008', '94000000-0000-0000-0000-000000000015', NULL, 10.0, CURRENT_TIMESTAMP), -- Q8 (Correct) - 10/10
    -- Q9: Giả sử không trả lời hoặc trả lời không đúng ở lần 1
    -- Q10: Giả sử trả lời đúng ở lần 1 (10/10)
    ('96000000-0000-0000-0000-000000000011', '95000000-0000-0000-0000-000000000001', '93000000-0000-0000-0000-000000000010', '94000000-0000-0000-0000-000000000017', NULL, 10.0, CURRENT_TIMESTAMP);