

INSERT INTO "users" ("id", "code", "name", "email", "password", "role", "is_active", "created_by", "updated_by", "created_at", "updated_at")
VALUES
    ('11111111-1111-1111-1111-111111111111', 'ADMIN', 'Super Admin', 'admin@gmail.com', '$2a$10$BU17jRqq7rCO76ONDTuNR.fyO.9K085iCWOzmIiRK8dyqoIl4UusG', 'ADMIN', TRUE, NULL, NULL, CURRENT_TIMESTAMP, CURRENT_TIMESTAMP),
    ('22222222-2222-2222-2222-222222222222', 'TC0001', 'Teacher John', 'instructor@gmail.com', '$2a$10$BU17jRqq7rCO76ONDTuNR.fyO.9K085iCWOzmIiRK8dyqoIl4UusG', 'INSTRUCTOR', TRUE, '00000000-0000-0000-0000-000000000001', '00000000-0000-0000-0000-000000000001', CURRENT_TIMESTAMP, CURRENT_TIMESTAMP),
    ('33333333-3333-3333-3333-333333333333', 'TC0001', 'Teacher Alaba', 'teacher@gmail.com', '$2a$10$BU17jRqq7rCO76ONDTuNR.fyO.9K085iCWOzmIiRK8dyqoIl4UusG', 'INSTRUCTOR', TRUE, '00000000-0000-0000-0000-000000000001', '00000000-0000-0000-0000-000000000001', CURRENT_TIMESTAMP, CURRENT_TIMESTAMP),
    ('00000000-0000-0000-0000-000000000001', 'SV0001', 'Ruud Gullit', 'gullit@gmail.com', '$2a$10$BU17jRqq7rCO76ONDTuNR.fyO.9K085iCWOzmIiRK8dyqoIl4UusG', 'STUDENT', TRUE, '00000000-0000-0000-0000-000000000001', '00000000-0000-0000-0000-000000000001', CURRENT_TIMESTAMP, CURRENT_TIMESTAMP),
    ('00000000-0000-0000-0000-000000000002', 'SV0002', 'Frank Lampard', 'lampart@gmail.com', '$2a$10$BU17jRqq7rCO76ONDTuNR.fyO.9K085iCWOzmIiRK8dyqoIl4UusG', 'STUDENT', TRUE, '00000000-0000-0000-0000-000000000001', '00000000-0000-0000-0000-000000000001', CURRENT_TIMESTAMP, CURRENT_TIMESTAMP),
    ('00000000-0000-0000-0000-000000000003', 'SV0003', 'Cristiano Ronaldo', 'ronaldo@gmail.com', '$2a$10$BU17jRqq7rCO76ONDTuNR.fyO.9K085iCWOzmIiRK8dyqoIl4UusG', 'STUDENT', TRUE, '00000000-0000-0000-0000-000000000001', '00000000-0000-0000-0000-000000000001', CURRENT_TIMESTAMP, CURRENT_TIMESTAMP),
    ('00000000-0000-0000-0000-000000000004', 'SV0004', 'Leo Messi', 'messi@gmail.com', '$2a$10$BU17jRqq7rCO76ONDTuNR.fyO.9K085iCWOzmIiRK8dyqoIl4UusG', 'STUDENT', TRUE, '00000000-0000-0000-0000-000000000001', '00000000-0000-0000-0000-000000000001', CURRENT_TIMESTAMP, CURRENT_TIMESTAMP),
    ('00000000-0000-0000-0000-000000000005', 'SV0005', 'Sergio Ramos', 'ramos@gmail.com', '$2a$10$BU17jRqq7rCO76ONDTuNR.fyO.9K085iCWOzmIiRK8dyqoIl4UusG', 'STUDENT', TRUE, '00000000-0000-0000-0000-000000000001', '00000000-0000-0000-0000-000000000001', CURRENT_TIMESTAMP, CURRENT_TIMESTAMP),
    ('00000000-0000-0000-0000-000000000006', 'SV0006', 'Paolo Maldini', 'maldini@gmail.com', '$2a$10$BU17jRqq7rCO76ONDTuNR.fyO.9K085iCWOzmIiRK8dyqoIl4UusG', 'STUDENT', TRUE, '00000000-0000-0000-0000-000000000001', '00000000-0000-0000-0000-000000000001', CURRENT_TIMESTAMP, CURRENT_TIMESTAMP),
    ('00000000-0000-0000-0000-000000000007', 'SV0007', 'Neymar JR', 'neymar@gmail.com', '$2a$10$BU17jRqq7rCO76ONDTuNR.fyO.9K085iCWOzmIiRK8dyqoIl4UusG', 'STUDENT', TRUE, '00000000-0000-0000-0000-000000000001', '00000000-0000-0000-0000-000000000001', CURRENT_TIMESTAMP, CURRENT_TIMESTAMP),
    ('00000000-0000-0000-0000-000000000008', 'SV0008', 'Luka Modric', 'modric@gmail.com', '$2a$10$BU17jRqq7rCO76ONDTuNR.fyO.9K085iCWOzmIiRK8dyqoIl4UusG', 'STUDENT', TRUE, '00000000-0000-0000-0000-000000000001', '00000000-0000-0000-0000-000000000001', CURRENT_TIMESTAMP, CURRENT_TIMESTAMP),
    ('00000000-0000-0000-0000-000000000009', 'SV0009', 'Luis Figo', 'figo@gmail.com', '$2a$10$BU17jRqq7rCO76ONDTuNR.fyO.9K085iCWOzmIiRK8dyqoIl4UusG', 'STUDENT', TRUE, '00000000-0000-0000-0000-000000000001', '00000000-0000-0000-0000-000000000001', CURRENT_TIMESTAMP, CURRENT_TIMESTAMP),
    ('00000000-0000-0000-0000-000000000010', 'SV0010', 'David Beckham', 'beckham@gmail.com', '$2a$10$BU17jRqq7rCO76ONDTuNR.fyO.9K085iCWOzmIiRK8dyqoIl4UusG', 'STUDENT', TRUE, '00000000-0000-0000-0000-000000000001', '00000000-0000-0000-0000-000000000001', CURRENT_TIMESTAMP, CURRENT_TIMESTAMP);


INSERT INTO "courses" ("id", "title", "description", "is_active", "instructor_id", "created_at", "updated_at")
VALUES
    ('10000000-0000-0000-0000-000000000001', 'Spring Boot Basics', 'Basic course on Spring Boot and RESTful API.', TRUE, '22222222-2222-2222-2222-222222222222', CURRENT_TIMESTAMP, CURRENT_TIMESTAMP),
    ('10000000-0000-0000-0000-000000000002', 'Advanced JPA/Hibernate', 'Advanced JPA and Hibernate optimization techniques.', FALSE, '22222222-2222-2222-2222-222222222222', CURRENT_TIMESTAMP, CURRENT_TIMESTAMP),
    ('10000000-0000-0000-0000-000000000003', 'Spring Security Masterclass', 'Securing Spring applications with OAuth2 and JWT.', TRUE, '33333333-3333-3333-3333-333333333333', CURRENT_TIMESTAMP, CURRENT_TIMESTAMP),
    ('10000000-0000-0000-0000-000000000004', 'Microservices with Spring Cloud', 'Building Microservices architecture.', TRUE, '22222222-2222-2222-2222-222222222222', CURRENT_TIMESTAMP, CURRENT_TIMESTAMP),
    ('10000000-0000-0000-0000-000000000005', 'Unit Testing in Java', 'JUnit 5 and Mockito for unit testing.', TRUE, '33333333-3333-3333-3333-333333333333', CURRENT_TIMESTAMP, CURRENT_TIMESTAMP),
    ('10000000-0000-0000-0000-000000000006', 'React Front-End Development', 'Basic React course (Fullstack support).', TRUE, '33333333-3333-3333-3333-333333333333', CURRENT_TIMESTAMP, CURRENT_TIMESTAMP),
    ('10000000-0000-0000-0000-000000000007', 'Database Design for Developers', 'Effective relational database design.', FALSE, '22222222-2222-2222-2222-222222222222', CURRENT_TIMESTAMP, CURRENT_TIMESTAMP),
    ('10000000-0000-0000-0000-000000000008', 'Docker and Kubernetes', 'Application deployment with Containers.', TRUE, '22222222-2222-2222-2222-222222222222', CURRENT_TIMESTAMP, CURRENT_TIMESTAMP),
    ('10000000-0000-0000-0000-000000000009', 'Git and GitHub Workflow', 'Professional source code management.', TRUE, '33333333-3333-3333-3333-333333333333', CURRENT_TIMESTAMP, CURRENT_TIMESTAMP),
    ('10000000-0000-0000-0000-000000000010', 'Clean Code Principles', 'Principles for writing clean and maintainable code.', TRUE, '22222222-2222-2222-2222-222222222222', CURRENT_TIMESTAMP, CURRENT_TIMESTAMP);


INSERT INTO "lessons" ("id", "course_id", "title", "url", "is_active", "lesson_type", "order_index", "created_by", "updated_by", "created_at", "updated_at")
VALUES
    ('20000000-0000-0000-0000-000000000001', '10000000-0000-0000-0000-000000000001', '1. Course Introduction', 'https://video.com/intro', TRUE, 'VIDEO', 1, '22222222-2222-2222-2222-222222222222', '22222222-2222-2222-2222-222222222222', CURRENT_TIMESTAMP, CURRENT_TIMESTAMP),
    ('20000000-0000-0000-0000-000000000002', '10000000-0000-0000-0000-000000000001', '2. Environment Setup', 'https://video.com/setup', TRUE, 'VIDEO', 2, '22222222-2222-2222-2222-222222222222', '22222222-2222-2222-2222-222222222222', CURRENT_TIMESTAMP, CURRENT_TIMESTAMP),
    ('20000000-0000-0000-0000-000000000003', '10000000-0000-0000-0000-000000000001', '3. REST API Theory', 'https://docs.com/rest', TRUE, 'DOCUMENT', 3, '22222222-2222-2222-2222-222222222222', '22222222-2222-2222-2222-222222222222', CURRENT_TIMESTAMP, CURRENT_TIMESTAMP),
    ('20000000-0000-0000-0000-000000000004', '10000000-0000-0000-0000-000000000001', '4. Building the First Controller', 'https://video.com/controller', TRUE, 'VIDEO', 4, '22222222-2222-2222-2222-222222222222', '22222222-2222-2222-2222-222222222222', CURRENT_TIMESTAMP, CURRENT_TIMESTAMP),
    ('20000000-0000-0000-0000-000000000005', '10000000-0000-0000-0000-000000000001', '5. Quiz Module 1', 'https://quiz.com/m1', TRUE, 'QUIZ', 5, '22222222-2222-2222-2222-222222222222', '22222222-2222-2222-2222-222222222222', CURRENT_TIMESTAMP, CURRENT_TIMESTAMP),
    ('20000000-0000-0000-0000-000000000006', '10000000-0000-0000-0000-000000000001', '6. Working with PostgreSQL', 'https://video.com/postgres', TRUE, 'VIDEO', 6, '22222222-2222-2222-2222-222222222222', '22222222-2222-2222-2222-222222222222', CURRENT_TIMESTAMP, CURRENT_TIMESTAMP),
    ('20000000-0000-0000-0000-000000000007', '10000000-0000-0000-0000-000000000001', '7. Using Spring Data JPA', 'https://docs.com/jpa', TRUE, 'DOCUMENT', 7, '22222222-2222-2222-2222-222222222222', '22222222-2222-2222-2222-222222222222', CURRENT_TIMESTAMP, CURRENT_TIMESTAMP),
    ('20000000-0000-0000-0000-000000000008', '10000000-0000-0000-0000-000000000001', '8. Exception Handling', 'https://video.com/exception', TRUE, 'VIDEO', 8, '22222222-2222-2222-2222-222222222222', '22222222-2222-2222-2222-222222222222', CURRENT_TIMESTAMP, CURRENT_TIMESTAMP),
    ('20000000-0000-0000-0000-000000000009', '10000000-0000-0000-0000-000000000001', '9. Implementing the Service Layer', 'https://video.com/service', TRUE, 'VIDEO', 9, '22222222-2222-2222-2222-222222222222', '22222222-2222-2222-2222-222222222222', CURRENT_TIMESTAMP, CURRENT_TIMESTAMP),
    ('20000000-0000-0000-0000-000000000010', '10000000-0000-0000-0000-000000000001', '10. Module 2 Summary', 'https://docs.com/summary', TRUE, 'DOCUMENT', 10, '22222222-2222-2222-2222-222222222222', '22222222-2222-2222-2222-222222222222', CURRENT_TIMESTAMP, CURRENT_TIMESTAMP);


INSERT INTO "enrollment" ("id", "student_id", "course_id", "is_active", "enrolled_at")
VALUES
    ('30000000-0000-0000-0000-000000000001', '00000000-0000-0000-0000-000000000004', (SELECT "id" FROM "courses" WHERE "title" = 'Spring Boot Basics'), true, CURRENT_TIMESTAMP),
    ('30000000-0000-0000-0000-000000000002', '00000000-0000-0000-0000-000000000005', (SELECT "id" FROM "courses" WHERE "title" = 'Advanced JPA/Hibernate'), true, CURRENT_TIMESTAMP),
    ('30000000-0000-0000-0000-000000000003', '00000000-0000-0000-0000-000000000006', (SELECT "id" FROM "courses" WHERE "title" = 'Spring Security Masterclass'), true, CURRENT_TIMESTAMP),
    ('30000000-0000-0000-0000-000000000004', '00000000-0000-0000-0000-000000000007', (SELECT "id" FROM "courses" WHERE "title" = 'Microservices with Spring Cloud'), true, CURRENT_TIMESTAMP),
    ('30000000-0000-0000-0000-000000000005', '00000000-0000-0000-0000-000000000008', (SELECT "id" FROM "courses" WHERE "title" = 'Spring Boot Basics'), true, CURRENT_TIMESTAMP),
    ('30000000-0000-0000-0000-000000000006', '00000000-0000-0000-0000-000000000009', (SELECT "id" FROM "courses" WHERE "title" = 'Spring Boot Basics'), true, CURRENT_TIMESTAMP),
    ('30000000-0000-0000-0000-000000000007', '00000000-0000-0000-0000-000000000010', (SELECT "id" FROM "courses" WHERE "title" = 'Database Design for Developers'), true, CURRENT_TIMESTAMP),
    ('30000000-0000-0000-0000-000000000008', '00000000-0000-0000-0000-000000000004', (SELECT "id" FROM "courses" WHERE "title" = 'Docker and Kubernetes'), true, CURRENT_TIMESTAMP),
    ('30000000-0000-0000-0000-000000000009', '00000000-0000-0000-0000-000000000005', (SELECT "id" FROM "courses" WHERE "title" = 'Git and GitHub Workflow'), true, CURRENT_TIMESTAMP),
    ('30000000-0000-0000-0000-000000000010', '00000000-0000-0000-0000-000000000006', (SELECT "id" FROM "courses" WHERE "title" = 'Clean Code Principles'), true, CURRENT_TIMESTAMP);


INSERT INTO "progress" ("id", "enrollment_id", "lesson_id", "progress_percentage", "updated_at")
VALUES
    -- Leo Messi - Spring Boot Basics (Enrollment 3000...0001)
    ('40000000-0000-0000-0000-000000000001', '30000000-0000-0000-0000-000000000001', (SELECT "id" FROM "lessons" WHERE "title" LIKE '1. Course Introduction%'), 100.0, CURRENT_TIMESTAMP),
    ('40000000-0000-0000-0000-000000000002', '30000000-0000-0000-0000-000000000001', (SELECT "id" FROM "lessons" WHERE "title" LIKE '2. Environment Setup%'), 100.0, CURRENT_TIMESTAMP),
    ('40000000-0000-0000-0000-000000000003', '30000000-0000-0000-0000-000000000001', (SELECT "id" FROM "lessons" WHERE "title" LIKE '3. REST API Theory%'), 100.0, CURRENT_TIMESTAMP),
    ('40000000-0000-0000-0000-000000000004', '30000000-0000-0000-0000-000000000001', (SELECT "id" FROM "lessons" WHERE "title" LIKE '4. Building the First Controller%'), 50.0, CURRENT_TIMESTAMP),
    ('40000000-0000-0000-0000-000000000005', '30000000-0000-0000-0000-000000000001', (SELECT "id" FROM "lessons" WHERE "title" LIKE '5. Quiz Module 1%'), 90.0, CURRENT_TIMESTAMP),

    -- Luka Modric - Spring Boot Basics (Enrollment 3000...0005)
    ('40000000-0000-0000-0000-000000000006', '30000000-0000-0000-0000-000000000005', (SELECT "id" FROM "lessons" WHERE "title" LIKE '1. Course Introduction%'), 100.0, CURRENT_TIMESTAMP),
    ('40000000-0000-0000-0000-000000000007', '30000000-0000-0000-0000-000000000005', (SELECT "id" FROM "lessons" WHERE "title" LIKE '2. Environment Setup%'), 100.0, CURRENT_TIMESTAMP),
    ('40000000-0000-0000-0000-000000000008', '30000000-0000-0000-0000-000000000005', (SELECT "id" FROM "lessons" WHERE "title" LIKE '3. REST API Theory%'), 0.0, CURRENT_TIMESTAMP),

    -- Sergio Ramos - Git and GitHub Workflow (Enrollment 3000...0009)
    ('40000000-0000-0000-0000-000000000009', '30000000-0000-0000-0000-000000000009', (SELECT "id" FROM "lessons" WHERE "course_id" = '10000000-0000-0000-0000-000000000009' LIMIT 1), 75.0, CURRENT_TIMESTAMP),

    -- Paolo Maldini - Clean Code Principles (Enrollment 3000...0010)
    ('40000000-0000-0000-0000-000000000010', '30000000-0000-0000-0000-000000000010', (SELECT "id" FROM "lessons" WHERE "course_id" = '10000000-0000-0000-0000-000000000010' LIMIT 1), 100.0, CURRENT_TIMESTAMP);


INSERT INTO "positions" ("id", "name", "description", "created_at", "updated_at")
VALUES
    ('90000000-0000-0000-0000-000000000001', 'Java Developer', 'Specialist in Java application development.', CURRENT_TIMESTAMP, CURRENT_TIMESTAMP),
    ('90000000-0000-0000-0000-000000000002', 'Frontend Developer', 'Specialist in React/FE application development.', CURRENT_TIMESTAMP, CURRENT_TIMESTAMP),
    ('90000000-0000-0000-0000-000000000003', 'Database Administrator', 'Relational database management and optimization.', CURRENT_TIMESTAMP, CURRENT_TIMESTAMP),
    ('90000000-0000-0000-0000-000000000004', 'DevOps Engineer', 'CI/CD, Docker, and Kubernetes specialist.', CURRENT_TIMESTAMP, CURRENT_TIMESTAMP),
    ('90000000-0000-0000-0000-000000000005', 'Solution Architect', 'Designing complex software architecture solutions.', CURRENT_TIMESTAMP, CURRENT_TIMESTAMP),
    ('90000000-0000-0000-0000-000000000006', 'Tester/QA Engineer', 'Software testing and quality assurance.', CURRENT_TIMESTAMP, CURRENT_TIMESTAMP),
    ('90000000-0000-0000-0000-000000000007', 'Project Manager', 'Overseeing and managing software projects.', CURRENT_TIMESTAMP, CURRENT_TIMESTAMP),
    ('90000000-0000-0000-0000-000000000008', 'Data Scientist', 'Analyzing data and building predictive models.', CURRENT_TIMESTAMP, CURRENT_TIMESTAMP),
    ('90000000-0000-0000-0000-000000000009', 'Mobile Developer', 'Developing applications for mobile platforms.', CURRENT_TIMESTAMP, CURRENT_TIMESTAMP),
    ('90000000-0000-0000-0000-000000000010', 'UX/UI Designer', 'Designing user experience and interfaces.', CURRENT_TIMESTAMP, CURRENT_TIMESTAMP);


INSERT INTO "user_positions" ("id", "position_id", "user_id")
VALUES
    ('91000000-0000-0000-0000-000000000001', '90000000-0000-0000-0000-000000000001', '00000000-0000-0000-0000-000000000001'), -- Gullit -> Java Developer
    ('91000000-0000-0000-0000-000000000002', '90000000-0000-0000-0000-000000000002', '00000000-0000-0000-0000-000000000004'), -- Messi -> Frontend Developer
    ('91000000-0000-0000-0000-000000000003', '90000000-0000-0000-0000-000000000003', '00000000-0000-0000-0000-000000000007'), -- Neymar -> DBA
    ('91000000-0000-0000-0000-000000000004', '90000000-0000-0000-0000-000000000004', '00000000-0000-0000-0000-000000000008'), -- Modric -> DevOps Engineer
    ('91000000-0000-0000-0000-000000000005', '90000000-0000-0000-0000-000000000001', '00000000-0000-0000-0000-000000000010'), -- Beckham -> Java Developer
    ('91000000-0000-0000-0000-000000000006', '90000000-0000-0000-0000-000000000001', '22222222-2222-2222-2222-222222222222'), -- Teacher John -> Java Developer
    ('91000000-0000-0000-0000-000000000007', '90000000-0000-0000-0000-000000000002', '33333333-3333-3333-3333-333333333333'), -- Teacher Alaba -> Frontend Developer
    ('91000000-0000-0000-0000-000000000008', '90000000-0000-0000-0000-000000000005', '11111111-1111-1111-1111-111111111111'), -- Super Admin -> Solution Architect
    ('91000000-0000-0000-0000-000000000009', '90000000-0000-0000-0000-000000000006', '00000000-0000-0000-0000-000000000005'), -- Ramos -> Tester/QA Engineer
    ('91000000-0000-0000-0000-000000000010', '90000000-0000-0000-0000-000000000003', '00000000-0000-0000-0000-000000000006'); -- Maldini -> DBA


INSERT INTO "quizzes" ("id", "lessons_id", "title", "created_at", "updated_at")
VALUES
    ('92000000-0000-0000-0000-000000000001', (SELECT "id" FROM "lessons" WHERE "title" LIKE '5. Quiz Module 1%'), 'Quiz: Spring Boot - Module 1 Assessment', CURRENT_TIMESTAMP, CURRENT_TIMESTAMP),
    ('92000000-0000-0000-0000-000000000002', (SELECT "id" FROM "lessons" WHERE "title" LIKE '7. Using Spring Data JPA%'), 'Quiz: JPA Basic Queries', CURRENT_TIMESTAMP, CURRENT_TIMESTAMP),
    ('92000000-0000-0000-0000-000000000003', (SELECT "id" FROM "lessons" WHERE "course_id" = '10000000-0000-0000-0000-000000000003' LIMIT 1), 'Quiz: OAuth2 Fundamentals', CURRENT_TIMESTAMP, CURRENT_TIMESTAMP),
    ('92000000-0000-0000-0000-000000000004', (SELECT "id" FROM "lessons" WHERE "course_id" = '10000000-0000-0000-0000-000000000004' LIMIT 1), 'Quiz: Service Discovery Concepts', CURRENT_TIMESTAMP, CURRENT_TIMESTAMP),
    ('92000000-0000-0000-0000-000000000005', (SELECT "id" FROM "lessons" WHERE "course_id" = '10000000-0000-0000-0000-000000000005' LIMIT 1), 'Quiz: JUnit 5 Annotations', CURRENT_TIMESTAMP, CURRENT_TIMESTAMP),
    ('92000000-0000-0000-0000-000000000006', (SELECT "id" FROM "lessons" WHERE "course_id" = '10000000-0000-0000-0000-000000000006' LIMIT 1), 'Quiz: React Component Lifecycle', CURRENT_TIMESTAMP, CURRENT_TIMESTAMP),
    ('92000000-0000-0000-0000-000000000007', (SELECT "id" FROM "lessons" WHERE "course_id" = '10000000-0000-0000-0000-000000000008' LIMIT 1), 'Quiz: Dockerfile Commands', CURRENT_TIMESTAMP, CURRENT_TIMESTAMP),
    ('92000000-0000-0000-0000-000000000008', (SELECT "id" FROM "lessons" WHERE "course_id" = '10000000-0000-0000-0000-000000000009' LIMIT 1), 'Quiz: Git Branching Strategies', CURRENT_TIMESTAMP, CURRENT_TIMESTAMP),
    ('92000000-0000-0000-0000-000000000009', (SELECT "id" FROM "lessons" WHERE "course_id" = '10000000-0000-0000-0000-000000000010' LIMIT 1), 'Quiz: SOLID Principles', CURRENT_TIMESTAMP, CURRENT_TIMESTAMP),
    ('92000000-0000-0000-0000-000000000010', (SELECT "id" FROM "lessons" WHERE "title" LIKE '1. Course Introduction%'), 'Quiz: Course Pre-Assessment', CURRENT_TIMESTAMP, CURRENT_TIMESTAMP);


INSERT INTO "quiz_questions" ("id", "quizzes_id", "question_text", "question_type", "order_index", "created_at", "updated_at")
VALUES
    ('93000000-0000-0000-0000-000000000001', '92000000-0000-0000-0000-000000000001', 'What does Spring Boot primarily help with in Spring application development?', 'SINGLE', 1, CURRENT_TIMESTAMP, CURRENT_TIMESTAMP),
    ('93000000-0000-0000-0000-000000000002', '92000000-0000-0000-0000-000000000001', 'Which annotations are typically used in a Spring REST Controller?', 'MULTIPLE', 2, CURRENT_TIMESTAMP, CURRENT_TIMESTAMP),
    ('93000000-0000-0000-0000-000000000003', '92000000-0000-0000-0000-000000000001', 'Name 3 main benefits of using Spring Boot.', 'TEXT', 3, CURRENT_TIMESTAMP, CURRENT_TIMESTAMP),
    ('93000000-0000-0000-0000-000000000004', '92000000-0000-0000-0000-000000000001', 'What is the default port for a Spring Boot Tomcat application?', 'SINGLE', 4, CURRENT_TIMESTAMP, CURRENT_TIMESTAMP),
    ('93000000-0000-0000-0000-000000000005', '92000000-0000-0000-0000-000000000001', 'What is the primary configuration file in Spring Boot?', 'SINGLE', 5, CURRENT_TIMESTAMP, CURRENT_TIMESTAMP),
    ('93000000-0000-0000-0000-000000000006', '92000000-0000-0000-0000-000000000001', 'Select the main HTTP methods used in RESTful APIs.', 'MULTIPLE', 6, CURRENT_TIMESTAMP, CURRENT_TIMESTAMP),
    ('93000000-0000-0000-0000-000000000007', '92000000-0000-0000-0000-000000000001', 'Briefly explain the role of @RestController.', 'TEXT', 7, CURRENT_TIMESTAMP, CURRENT_TIMESTAMP),
    ('93000000-0000-0000-0000-000000000008', '92000000-0000-0000-0000-000000000001', 'What is Dependency Injection (DI)?', 'SINGLE', 8, CURRENT_TIMESTAMP, CURRENT_TIMESTAMP),
    ('93000000-0000-0000-0000-000000000009', '92000000-0000-0000-0000-000000000001', 'List the primitive data types in Java.', 'TEXT', 9, CURRENT_TIMESTAMP, CURRENT_TIMESTAMP),
    ('93000000-0000-0000-0000-000000000010', '92000000-0000-0000-0000-000000000001', 'Which annotation is used to define a Spring Bean programmatically in a configuration class?', 'SINGLE', 10, CURRENT_TIMESTAMP, CURRENT_TIMESTAMP);


INSERT INTO "quiz_options" ("id", "quiz_questions_id", "question_text", "is_correct", "order_index", "created_at", "updated_at")
VALUES
    -- Question 1 Options (SINGLE)
    ('94000000-0000-0000-0000-000000000001', '93000000-0000-0000-0000-000000000001', 'Reduces boilerplate configuration and XML.', TRUE, 1, CURRENT_TIMESTAMP, CURRENT_TIMESTAMP),
    ('94000000-0000-0000-0000-000000000002', '93000000-0000-0000-0000-000000000001', 'Completely replaces the Spring Framework.', FALSE, 2, CURRENT_TIMESTAMP, CURRENT_TIMESTAMP),
    ('94000000-0000-0000-0000-000000000003', '93000000-0000-0000-0000-000000000001', 'Is only used for console applications.', FALSE, 3, CURRENT_TIMESTAMP, CURRENT_TIMESTAMP),

    -- Question 2 Options (MULTIPLE)
    ('94000000-0000-0000-0000-000000000004', '93000000-0000-0000-0000-000000000002', '@RestController', TRUE, 1, CURRENT_TIMESTAMP, CURRENT_TIMESTAMP),
    ('94000000-0000-0000-0000-000000000005', '93000000-0000-0000-0000-000000000002', '@Autowired', FALSE, 2, CURRENT_TIMESTAMP, CURRENT_TIMESTAMP),
    ('94000000-0000-0000-0000-000000000006', '93000000-0000-0000-0000-000000000002', '@RequestMapping', TRUE, 3, CURRENT_TIMESTAMP, CURRENT_TIMESTAMP),

    -- Question 4 Options (SINGLE)
    ('94000000-0000-0000-0000-000000000007', '93000000-0000-0000-0000-000000000004', '8080', TRUE, 1, CURRENT_TIMESTAMP, CURRENT_TIMESTAMP),
    ('94000000-0000-0000-0000-000000000008', '93000000-0000-0000-0000-000000000004', '8081', FALSE, 2, CURRENT_TIMESTAMP, CURRENT_TIMESTAMP),

    -- Question 5 Options (SINGLE)
    ('94000000-0000-0000-0000-000000000009', '93000000-0000-0000-0000-000000000005', 'application.properties or application.yml', TRUE, 1, CURRENT_TIMESTAMP, CURRENT_TIMESTAMP),
    ('94000000-0000-0000-0000-000000000010', '93000000-0000-0000-0000-000000000005', 'web.xml', FALSE, 2, CURRENT_TIMESTAMP, CURRENT_TIMESTAMP),

    -- Question 6 Options (MULTIPLE)
    ('94000000-0000-0000-0000-000000000011', '93000000-0000-0000-0000-000000000006', 'GET', TRUE, 1, CURRENT_TIMESTAMP, CURRENT_TIMESTAMP),
    ('94000000-0000-0000-0000-000000000012', '93000000-0000-0000-0000-000000000006', 'POST', TRUE, 2, CURRENT_TIMESTAMP, CURRENT_TIMESTAMP),
    ('94000000-0000-0000-0000-000000000013', '93000000-0000-0000-0000-000000000006', 'DELETE', TRUE, 3, CURRENT_TIMESTAMP, CURRENT_TIMESTAMP),
    ('94000000-0000-0000-0000-000000000014', '93000000-0000-0000-0000-000000000006', 'FETCH', FALSE, 4, CURRENT_TIMESTAMP, CURRENT_TIMESTAMP),

    -- Question 8 Options (SINGLE)
    ('94000000-0000-0000-0000-000000000015', '93000000-0000-0000-0000-000000000008', 'A mechanism where a Bean receives its dependencies through constructor, setter, or field injection.', TRUE, 1, CURRENT_TIMESTAMP, CURRENT_TIMESTAMP),
    ('94000000-0000-0000-0000-000000000016', '93000000-0000-0000-0000-000000000008', 'A design pattern to avoid object creation.', FALSE, 2, CURRENT_TIMESTAMP, CURRENT_TIMESTAMP),

    -- Question 10 Options (SINGLE)
    ('94000000-0000-0000-0000-000000000017', '93000000-0000-0000-0000-000000000010', '@Bean', TRUE, 1, CURRENT_TIMESTAMP, CURRENT_TIMESTAMP),
    ('94000000-0000-0000-0000-000000000018', '93000000-0000-0000-0000-000000000010', '@Component', FALSE, 2, CURRENT_TIMESTAMP, CURRENT_TIMESTAMP);


INSERT INTO "quiz_attempts" ("id", "enrollment_id", "quiz_id", "attempt_no", "score", "feed_back", "created_at")
VALUES
    -- Leo Messi attempts Quiz: Spring Boot - Module 1 Assessment (Enrollment 3000...0001)
    ('95000000-0000-0000-0000-000000000001', '30000000-0000-0000-0000-000000000001', '92000000-0000-0000-0000-000000000001', 1, 75.0, 'Fair result, review concepts on Dependency Injection.', CURRENT_TIMESTAMP),
    ('95000000-0000-0000-0000-000000000002', '30000000-0000-0000-0000-000000000001', '92000000-0000-0000-0000-000000000001', 2, 90.0, 'Excellent! Module 1 concepts are well understood.', CURRENT_TIMESTAMP),

    -- Luka Modric attempts Quiz: Spring Boot - Module 1 Assessment (Enrollment 3000...0005)
    ('95000000-0000-0000-0000-000000000003', '30000000-0000-0000-0000-000000000005', '92000000-0000-0000-0000-000000000001', 1, 55.0, 'Needs more review on basic Spring Annotations.', CURRENT_TIMESTAMP),

    -- Luis Figo attempts Quiz: Spring Boot - Module 1 Assessment (Enrollment 3000...0006)
    ('95000000-0000-0000-0000-000000000004', '30000000-0000-0000-0000-000000000006', '92000000-0000-0000-0000-000000000001', 1, 85.0, 'Good score.', CURRENT_TIMESTAMP),

    -- Paolo Maldini attempts Clean Code Principles Quiz (Enrollment 3000...0010)
    ('95000000-0000-0000-0000-000000000005', '30000000-0000-0000-0000-000000000010', '92000000-0000-0000-0000-000000000009', 1, 95.0, 'Strong understanding of Clean Code principles.', CURRENT_TIMESTAMP),

    -- Other attempts
    ('95000000-0000-0000-0000-000000000006', '30000000-0000-0000-0000-000000000001', '92000000-0000-0000-0000-000000000010', 1, 100.0, 'Pre-Assessment completed!', CURRENT_TIMESTAMP),
    ('95000000-0000-0000-0000-000000000007', '30000000-0000-0000-0000-000000000004', '92000000-0000-0000-0000-000000000004', 1, 70.0, 'Focus on Service Discovery.', CURRENT_TIMESTAMP),
    ('95000000-0000-0000-0000-000000000008', '30000000-0000-0000-0000-000000000009', '92000000-0000-0000-0000-000000000008', 1, 80.0, 'Good.', CURRENT_TIMESTAMP),
    ('95000000-0000-0000-0000-000000000009', '30000000-0000-0000-0000-000000000003', '92000000-0000-0000-0000-000000000003', 1, 60.0, 'Review JWT concepts.', CURRENT_TIMESTAMP),
    ('95000000-0000-0000-0000-000000000010', '30000000-0000-0000-0000-000000000008', '92000000-0000-0000-0000-000000000007', 1, 90.0, 'Very good on Docker.', CURRENT_TIMESTAMP);


INSERT INTO "quiz_answers" ("id", "attempt_id", "question_id", "option_id", "raw_text", "created_at")
VALUES
    -- Attempt 1 by Leo Messi (ID: 95000000-0000-0000-0000-000000000001)
    ('96000000-0000-0000-0000-000000000001', '95000000-0000-0000-0000-000000000001', '93000000-0000-0000-0000-000000000001', '94000000-0000-0000-0000-000000000001', NULL, CURRENT_TIMESTAMP), -- Q1 (Correct Option)
    ('96000000-0000-0000-0000-000000000002', '95000000-0000-0000-0000-000000000001', '93000000-0000-0000-0000-000000000002', '94000000-0000-0000-0000-000000000004', NULL, CURRENT_TIMESTAMP), -- Q2 (Multiple 1/2 Correct)
    ('96000000-0000-0000-0000-000000000003', '95000000-0000-0000-0000-000000000001', '93000000-0000-0000-0000-000000000002', '94000000-0000-0000-0000-000000000006', NULL, CURRENT_TIMESTAMP), -- Q2 (Multiple 2/2 Correct)
    ('96000000-0000-0000-0000-000000000004', '95000000-0000-0000-0000-000000000003', NULL, '94000000-0000-0000-0000-000000000007', NULL, CURRENT_TIMESTAMP), -- Q3 - Luka Modric (Incorrect Option)
    ('96000000-0000-0000-0000-000000000005', '95000000-0000-0000-0000-000000000001', '93000000-0000-0000-0000-000000000003', NULL, 'Auto-configuration, Embedded servers, Starter dependencies.', CURRENT_TIMESTAMP), -- Q3 (Text Answer)
    ('96000000-0000-0000-0000-000000000006', '95000000-0000-0000-0000-000000000001', '93000000-0000-0000-0000-000000000004', '94000000-0000-0000-0000-000000000008', NULL, CURRENT_TIMESTAMP), -- Q4 (Incorrect Option: 8081)
    ('96000000-0000-0000-0000-000000000007', '95000000-0000-0000-0000-000000000001', '93000000-0000-0000-0000-000000000005', '94000000-0000-0000-0000-000000000010', NULL, CURRENT_TIMESTAMP), -- Q5 (Incorrect Option: web.xml)
    ('96000000-0000-0000-0000-000000000008', '95000000-0000-0000-0000-000000000001', '93000000-0000-0000-0000-000000000006', '94000000-0000-0000-0000-000000000011', NULL, CURRENT_TIMESTAMP), -- Q6 (Multiple 1/3 Correct)
    ('96000000-0000-0000-0000-000000000009', '95000000-0000-0000-0000-000000000001', '93000000-0000-0000-0000-000000000006', '94000000-0000-0000-0000-000000000012', NULL, CURRENT_TIMESTAMP), -- Q6 (Multiple 2/3 Correct)
    ('96000000-0000-0000-0000-000000000010', '95000000-0000-0000-0000-000000000001', '93000000-0000-0000-0000-000000000007', NULL, 'It is a convenience annotation that combines @Controller and @ResponseBody.', CURRENT_TIMESTAMP); -- Q7 (Text Answer)
